{"sections":{"banner":{"type":"main-collection-banner","settings":{"show_collection_description":true,"show_collection_image":false,"color_scheme":"scheme-1"}},"product-grid":{"type":"main-collection-product-grid","settings":{"products_per_page":16,"columns_desktop":4,"color_scheme":"scheme-1","image_ratio":"square","image_shape":"default","show_secondary_image":false,"show_vendor":false,"show_rating":false,"enable_quick_add":false,"enable_filtering":false,"filter_type":"horizontal","enable_sorting":false,"columns_mobile":"2","padding_top":12,"padding_bottom":36}}},"order":["banner","product-grid"]}