{"name":"t:sections.footer.name","type":"footer","sections":{"newsletter":{"type":"newsletter","blocks":{"heading":{"type":"heading","settings":{"heading":"Subscribe to our emails","heading_size":"h1"}},"paragraph":{"type":"paragraph","settings":{"text":"<p>Be the first to know about new collections and exclusive offers.<\/p>"}},"email-form":{"type":"email_form","settings":{}}},"block_order":["heading","paragraph","email-form"],"settings":{"color_scheme":"scheme-3","full_width":true,"padding_top":28,"padding_bottom":0}},"footer":{"type":"footer","settings":{"color_scheme":"scheme-3","newsletter_enable":false,"newsletter_heading":"Subscribe to our emails","enable_follow_on_shop":true,"show_social":true,"enable_country_selector":true,"enable_language_selector":true,"payment_enable":true,"show_policy":false,"margin_top":0,"padding_top":44,"padding_bottom":60}}},"order":["newsletter","footer"]}